variable,MSE,RMSE,MAE
GASOLINE,0.03216540902024947,0.17934717455329333,0.14388645523521953
DIESEL,0.019588983090972806,0.13996064836579175,0.09813948037277224
