variable,MSE,RMSE,MAE
GASOLINE,0.0321654091233952,0.1793471748408522,0.14388645513302264
DIESEL,0.019588983022373618,0.13996064812072576,0.09813948019622255
